{"cameraMode":{"drawMode":0,"name":"Shaded","section":"Shading Mode"},"sceneLighting":true,"audioPlay":false,"sceneViewState":{"m_AlwaysRefresh":false,"showFog":true,"showSkybox":false,"showFlares":true,"showImageEffects":true,"showParticleSystems":true,"showVisualEffectGraphs":true,"m_FxEnabled":true},"in2DMode":false,"pivot":{"x":5.193203449249268,"y":0.8352916836738586,"z":-1.989377737045288},"rotation":{"x":0.021621761843562127,"y":0.9722399711608887,"z":-0.09981667995452881,"w":0.21058207750320435},"size":0.6867408752441406,"orthographic":false}