{"cameraMode":{"drawMode":0,"name":"Shaded","section":"Shading Mode"},"sceneLighting":false,"audioPlay":false,"sceneViewState":{"m_AlwaysRefresh":false,"showFog":false,"showSkybox":false,"showFlares":false,"showImageEffects":false,"showParticleSystems":false,"showVisualEffectGraphs":true,"m_FxEnabled":true},"in2DMode":false,"pivot":{"x":-0.19922015070915223,"y":0.35152530670166018,"z":-1.19239342212677},"rotation":{"x":0.004617904778569937,"y":-0.9948420524597168,"z":0.08708133548498154,"w":0.052885089069604877},"size":1.2632261514663697,"orthographic":false}