{"cameraMode":{"drawMode":0,"name":"Shaded","section":"Shading Mode"},"sceneLighting":false,"audioPlay":false,"sceneViewState":{"m_AlwaysRefresh":false,"showFog":false,"showSkybox":false,"showFlares":false,"showImageEffects":false,"showParticleSystems":false,"showVisualEffectGraphs":true,"m_FxEnabled":true},"in2DMode":false,"pivot":{"x":-0.016119956970214845,"y":0.5530015230178833,"z":0.2149432897567749},"rotation":{"x":0.0017394617898389698,"y":-0.9920037984848023,"z":0.1259724348783493,"w":0.0140003627166152},"size":0.7279457449913025,"orthographic":false}