{"cameraMode":{"drawMode":0,"name":"Shaded","section":"Shading Mode"},"sceneLighting":false,"audioPlay":false,"sceneViewState":{"m_AlwaysRefresh":false,"showFog":false,"showSkybox":false,"showFlares":false,"showImageEffects":false,"showParticleSystems":false,"showVisualEffectGraphs":true,"m_FxEnabled":true},"in2DMode":false,"pivot":{"x":0.14666414260864259,"y":0.5764116048812866,"z":0.14509612321853639},"rotation":{"x":0.0017248514341190458,"y":-0.9835253953933716,"z":0.18081118166446687,"w":0.009452703408896923},"size":1.268717646598816,"orthographic":false}