{"cameraMode":{"drawMode":0,"name":"Shaded","section":"Shading Mode"},"sceneLighting":true,"audioPlay":false,"sceneViewState":{"m_AlwaysRefresh":false,"showFog":true,"showSkybox":false,"showFlares":true,"showImageEffects":true,"showParticleSystems":true,"showVisualEffectGraphs":true,"m_FxEnabled":true},"in2DMode":false,"pivot":{"x":9.324965476989746,"y":2.5490000247955324,"z":-1.4860000610351563},"rotation":{"x":-0.031508173793554309,"y":0.9494215250015259,"z":-0.29557371139526369,"w":-0.10120905190706253},"size":1.7940149307250977,"orthographic":false}